referee_id,referee_name,country
1,Jeremy Lewis,Belize
2,Cameron Miller,Congo
3,Douglas Spencer,United Arab Emirates
4,Cynthia Berger,Aruba
5,Amanda Williams,Madagascar
6,Carlos Johnson,South Africa
7,Janet Fischer,Reunion
8,Brandon Frazier,Monaco
9,Michael Terry,Grenada
10,Tonya Leon,Sweden
11,Lisa Morgan,Kuwait
12,Mr. James Shaw,Bulgaria
13,Jeffrey Jimenez,Tajikistan
14,Jeremy Chung,Cape Verde
15,Nathaniel Kim,Cayman Islands
16,Philip Conner,Namibia
17,John Wright,Haiti
18,Lisa Griffin,Kyrgyz Republic
19,Natalie Harvey,Cayman Islands
20,Gabrielle Powell,Liechtenstein
21,Ryan Weaver,Kyrgyz Republic
22,Jessica Adams,Yemen
23,Nichole Castillo,Tonga
24,Maria Williams,United States Virgin Islands
25,Raven Stephenson,Andorra
26,Rebekah Herman,Saint Helena
27,Christopher Gilbert,Argentina
28,Karen Thompson,Niue
29,Alexis Deleon,Nicaragua
30,Ronald Clark,Tokelau
31,Amanda Holmes,French Southern Territories
32,John Jones,Romania
33,Richard Bailey,Pitcairn Islands
34,Joel Montgomery,Comoros
35,Luis Hall,Thailand
36,Terry Clayton,Spain
37,Jessica Alvarez,Cameroon
38,Stephanie Cox,Rwanda
39,Daniel Rodriguez,Saint Lucia
40,Mr. Andrew Dickson,Guernsey
41,Benjamin Robertson,Ecuador
42,Michelle Gomez,Liechtenstein
43,Jay Clark,Mali
44,Tracy Peterson,Western Sahara
45,Dawn Powell,Panama
46,Brett Gomez,Peru
47,Samuel Burnett,Eritrea
48,Thomas Edwards,Australia
49,Charles Hernandez,Bangladesh
50,Joshua Carter,Uganda
51,Erin Villanueva,Isle of Man
52,Joel Chan,Turkey
53,Jonathan Baxter,Nauru
54,Thomas Carter,Mauritius
55,Steve Schmidt,Indonesia
56,Jessica Morse,Northern Mariana Islands
57,Anthony Howell,Tonga
58,Sally Moore,Bulgaria
59,Jeremy Harris,Djibouti
60,Phillip Christensen,United States Minor Outlying Islands
61,Lisa Morris,Jordan
62,Laurie Preston,Congo
63,Charles Taylor,Lebanon
64,James White,Monaco
65,Tanya Owen,Iraq
66,Alyssa Young,Uzbekistan
67,Ashlee Moran,Heard Island and McDonald Islands
68,Aaron Whitney,India
69,Elizabeth Anderson,Bulgaria
70,Erin Butler,Mozambique
71,Emily Bennett,Benin
72,Kyle Williams,Guadeloupe
73,Leah Johnson,Liberia
74,Andrea Berry,Monaco
75,Penny Turner,Guyana
76,William Bernard,Greenland
77,Lauren Daniels,Cuba
78,Emily Anderson,Germany
79,Ronnie Smith,Tanzania
80,Jenny Bullock,Iceland
81,John Copeland,New Caledonia
82,April Mccall,South Africa
83,Kathy Davenport,Lao People's Democratic Republic
84,Kathryn Williams,Mexico
85,David Graham,Montenegro
86,Sally Torres,Lithuania
87,Rachel Munoz,Antarctica (the territory South of 60 deg S)
88,Mary Clark,Palau
89,Alexander George,Holy See (Vatican City State)
90,Krystal Burns,Mauritania
91,Barbara Smith,Cook Islands
92,Anthony Jones,Russian Federation
93,Ryan Bush,Malaysia
94,Kari Lin,Syrian Arab Republic
95,Timothy Solis,Canada
96,Deborah Wilson,Malta
97,Paul Booth,Marshall Islands
98,Anna Fernandez,Ethiopia
99,Sarah Massey,Anguilla
100,Samuel Mcguire,El Salvador
